Author,Year,Sample.size,Case,,,,,,,,
Fengqin Rao,2017,31,2,,,,,,,,
"Li, Jiakai",2018,389,41,,,,,,,,
"Li, Yian",2016,130,13,,,,,,,,
Tian Tian,2019,516,75,,,,,,,,
Huiqin Yang,2012,49,6,,,,,,,,
Xiong Zhu,2020,32,4,,,,,,,,
Sarah Hull,2019,10,0,,,,,,,,
Xiao-Yan Huang,2017,10,2,,,,,,,,
Jeyabalan Nallathambi,2006,53,3,,,,,,,,
Ganeswara Rao Musada,2016,110,8,,,,,,,,
Minghui Qin,2005,56,5,,,,,,,,
Chonglin Chen,2020,62,13,,,,,,,,
Miao Tang,2016,100,21,,,,,,,,
"Chen, Chunli",2020,722,75,,,,,,,,
Kimberly A. Drenser,2009,63,9,,,,,,,,
Soo Hyun Seo,2015,51,13,,,,,,,,
Carmel Toomes,2004,40,8,,,,,,,,
Qi Rui,2019,5,0,,,,,,,,
Jason Salvo,2015,92,13,,,,,,,,
Johane M Robitaille,2011,68,12,,,,,,,,
,,,,,,,,,,,
,,,,,,,,,,,
,,,,,,,,,,,
,,,,,,,,,,,
